1336,Comprable
1338,Comprable
1337,Comprable
1339,Comprable
1388,Comprable
1333,Comprable
1334,Comprable
1330,Comprable
1331,Comprable
1332,Comprable
1335,Comprable
787,Envasable
565,Comprable
564,Comprable
1355,Comprable
1356,Comprable
1143,Comprable
338,Comprable
875,Comprable
1202,Comprable
248,Comprable
247,Comprable
788,Comprable
436,Comprable
1351,Envasable
1069,Comprable
1067,Comprable
1068,Comprable
1371,Comprable
608,Comprable
682,Comprable
241,Comprable
637,Comprable
940,Comprable
340,Comprable
1013,Comprable
1014,Comprable
1016,Comprable
829,Comprable
1020,Comprable
1017,Comprable
418,Comprable
1018,Comprable
1012,Comprable
1015,Comprable
1019,Comprable
1350,Comprable
1286,Comprable
343,Comprable
1346,Comprable
345,Comprable
1398,Comprable
1399,Comprable
1400,Comprable
744,Comprable
1354,Comprable
1313,Comprable
1317,Comprable
1318,Comprable
1316,Comprable
1314,Comprable
1319,Comprable
1315,Comprable
1320,Comprable
1023,Comprable
1327,Comprable
1027,Comprable
1028,Comprable
1026,Comprable
1021,Comprable
1022,Comprable
1024,Comprable
1025,Comprable
1326,Comprable
1325,Comprable
1324,Comprable
332,Comprable
342,Comprable
665,Envasable
566,Envasable
700,Envasable
438,Envasable
246,Envasable
747,Envasable
597,Envasable
731,Envasable
755,Envasable
727,Envasable
407,Envasable
408,Envasable
409,Envasable
500,Envasable
561,Envasable
663,Envasable
563,Envasable
536,Envasable
341,Envasable
902,Comprable
903,Comprable
800,Comprable
901,Comprable
691,Envasable
685,Envasable
194,Envasable
1381,Envasable
1383,Envasable
1402,Envasable
192,Envasable
193,Envasable
1133,Envasable
1134,Envasable
1135,Envasable
1366,Envasable
1368,Envasable
1367,Envasable
1369,Envasable
152,Envasable
150,Envasable
151,Envasable
137,Envasable
138,Envasable
135,Envasable
145,Envasable
143,Envasable
144,Envasable
146,Envasable
53,Envasable
139,Envasable
140,Envasable
136,Envasable
147,Envasable
142,Envasable
148,Envasable
149,Envasable
812,Envasable
868,Envasable
455,Envasable
661,Envasable
659,Envasable
660,Envasable
775,Envasable
649,Envasable
651,Envasable
652,Envasable
698,Envasable
696,Envasable
667,Envasable
695,Envasable
653,Envasable
656,Envasable
655,Envasable
650,Envasable
699,Envasable
709,Envasable
710,Envasable
819,Envasable
658,Envasable
697,Envasable
172,Envasable
170,Envasable
171,Envasable
157,Envasable
159,Envasable
154,Envasable
155,Envasable
158,Envasable
160,Envasable
156,Envasable
684,Envasable
319,Comprable
1244,Comprable
519,Envasable
522,Envasable
590,Envasable
521,Envasable
523,Envasable
668,Envasable
187,Envasable
164,Envasable
166,Envasable
163,Envasable
165,Envasable
161,Envasable
509,Envasable
162,Envasable
167,Envasable
168,Envasable
454,Envasable
177,Envasable
178,Envasable
174,Envasable
190,Envasable
184,Envasable
183,Envasable
175,Envasable
188,Envasable
179,Envasable
180,Envasable
181,Envasable
189,Envasable
176,Envasable
182,Envasable
185,Envasable
725,Envasable
734,Envasable
729,Envasable
683,Envasable
688,Envasable
689,Envasable
525,Envasable
524,Envasable
776,Envasable
141,Envasable
799,Envasable
693,Envasable
692,Envasable
14,Envasable
15,Envasable
19,Envasable
7,Envasable
5,Envasable
4,Envasable
600,Envasable
12,Envasable
474,Envasable
11,Envasable
6,Envasable
16,Envasable
2,Envasable
444,Envasable
18,Envasable
3,Envasable
13,Envasable
442,Envasable
1373,Envasable
1376,Envasable
1375,Envasable
1374,Envasable
1382,Envasable
975,Envasable
980,Envasable
981,Envasable
986,Envasable
989,Envasable
990,Envasable
974,Envasable
993,Envasable
976,Envasable
796,Envasable
977,Envasable
978,Envasable
979,Envasable
982,Envasable
983,Envasable
984,Envasable
987,Envasable
985,Envasable
988,Envasable
628,Envasable
8,Envasable
629,Envasable
528,Envasable
527,Envasable
439,Comprable
625,Comprable
553,Comprable
1340,Comprable
1341,Comprable
604,Comprable
738,Comprable
1051,Comprable
677,Comprable
1396,Comprable
58,Envasable
62,Envasable
63,Envasable
804,Envasable
59,Envasable
441,Envasable
664,Envasable
605,Envasable
718,Envasable
426,Comprable
425,Comprable
422,Comprable
1254,Comprable
420,Comprable
1101,Comprable
421,Comprable
1102,Comprable
199,Comprable
999,Comprable
589,Comprable
1000,Comprable
758,Comprable
939,Comprable
221,Comprable
1389,Comprable
214,Comprable
995,Comprable
766,Envasable
765,Envasable
427,Comprable
498,Comprable
794,Comprable
1139,Comprable
1138,Comprable
1140,Comprable
1141,Comprable
296,Comprable
611,Comprable
298,Comprable
297,Comprable
304,Comprable
419,Comprable
1284,Envasable
29,Envasable
30,Envasable
992,Envasable
31,Envasable
757,Comprable
32,Envasable
835,Comprable
834,Comprable
843,Comprable
836,Comprable
830,Comprable
906,Comprable
833,Comprable
1137,Comprable
907,Comprable
831,Comprable
832,Comprable
905,Comprable
956,Comprable
909,Comprable
908,Comprable
303,Comprable
690,Comprable
996,Comprable
588,Comprable
997,Comprable
740,Comprable
998,Comprable
224,Comprable
213,Envasable
712,Comprable
837,Comprable
838,Comprable
912,Envasable
828,Envasable
1394,Comprable
1395,Comprable
1392,Comprable
1393,Comprable
1370,Comprable
913,Envasable
299,Envasable
802,Envasable
777,Envasable
484,Envasable
764,Envasable
423,Envasable
722,Envasable
595,Envasable
778,Envasable
515,Envasable
550,Envasable
451,Envasable
754,Envasable
639,Envasable
204,Envasable
203,Envasable
452,Envasable
721,Envasable
315,Envasable
840,Envasable
841,Envasable
842,Envasable
839,Envasable
759,Envasable
202,Envasable
305,Envasable
753,Envasable
772,Envasable
301,Envasable
767,Envasable
750,Envasable
678,Envasable
300,Envasable
485,Comprable
551,Comprable
633,Comprable
256,Comprable
1285,Comprable
813,Comprable
255,Envasable
737,Envasable
244,Envasable
490,Envasable
1307,Comprable
1308,Comprable
1309,Comprable
1310,Comprable
1031,Comprable
859,Envasable
687,Envasable
1177,Comprable
781,Comprable
324,Comprable
1228,Comprable
792,Comprable
1222,Comprable
941,Comprable
876,Comprable
645,Envasable
609,Envasable
317,Envasable
547,Envasable
476,Envasable
573,Envasable
770,Envasable
364,Envasable
27,Envasable
28,Envasable
1344,Comprable
1345,Comprable
717,Envasable
540,Comprable
618,Comprable
1062,Comprable
363,Comprable
1397,Comprable
430,Comprable
911,Comprable
586,Envasable
385,Envasable
644,Envasable
646,Envasable
610,Envasable
910,Envasable
269,Comprable
952,Comprable
433,Comprable
947,Comprable
432,Comprable
704,Envasable
580,Envasable
253,Envasable
686,Comprable
258,Comprable
252,Envasable
260,Envasable
669,Envasable
249,Envasable
250,Envasable
331,Envasable
109,Envasable
110,Envasable
206,Envasable
111,Envasable
123,Envasable
116,Envasable
673,Envasable
113,Envasable
809,Envasable
634,Envasable
107,Envasable
121,Envasable
122,Envasable
108,Envasable
115,Envasable
631,Envasable
118,Envasable
120,Envasable
516,Envasable
128,Envasable
314,Envasable
127,Envasable
756,Envasable
530,Envasable
529,Envasable
268,Comprable
1323,Comprable
782,Comprable
783,Comprable
1223,Comprable
1224,Comprable
434,Comprable
1236,Comprable
1237,Comprable
1241,Comprable
1242,Comprable
1268,Comprable
1253,Comprable
1217,Comprable
1262,Comprable
1267,Comprable
1266,Comprable
1220,Comprable
1322,Comprable
1391,Comprable
1219,Comprable
1218,Comprable
1221,Comprable
1265,Comprable
1263,Comprable
1264,Comprable
367,Comprable
1238,Comprable
1179,Comprable
1239,Comprable
475,Comprable
1251,Comprable
1390,Comprable
1255,Comprable
1260,Comprable
1216,Comprable
1213,Comprable
1250,Comprable
1215,Comprable
1258,Comprable
1257,Comprable
1252,Comprable
1261,Comprable
1214,Comprable
1256,Comprable
1259,Comprable
549,Comprable
1312,Comprable
1311,Comprable
271,Comprable
1178,Comprable
1111,Comprable
1110,Comprable
381,Envasable
428,Comprable
1058,Comprable
1056,Comprable
1201,Comprable
1055,Comprable
1057,Comprable
1053,Comprable
1059,Comprable
1060,Comprable
1200,Comprable
1054,Comprable
1030,Comprable
431,Comprable
267,Comprable
1387,Comprable
1365,Comprable
1364,Comprable
1363,Comprable
266,Comprable
865,Comprable
871,Comprable
262,Comprable
870,Comprable
864,Comprable
869,Comprable
866,Comprable
265,Comprable
861,Comprable
263,Comprable
261,Comprable
862,Comprable
264,Comprable
863,Comprable
867,Comprable
1032,Comprable
860,Comprable
942,Comprable
763,Comprable
676,Envasable
798,Envasable
703,Comprable
748,Comprable
741,Envasable
591,Envasable
662,Envasable
873,Comprable
1095,Comprable
1096,Comprable
1097,Comprable
1098,Comprable
1091,Comprable
1092,Comprable
1093,Comprable
1094,Comprable
292,Comprable
1045,Comprable
1046,Comprable
1047,Comprable
1048,Comprable
285,Comprable
1041,Comprable
1042,Comprable
1043,Comprable
1044,Comprable
361,Comprable
786,Comprable
1243,Comprable
579,Comprable
360,Envasable
552,Envasable
330,Envasable
584,Envasable
311,Comprable
820,Comprable
927,Comprable
929,Comprable
823,Comprable
821,Comprable
822,Comprable
926,Comprable
928,Comprable
930,Envasable
935,Envasable
931,Envasable
932,Envasable
933,Envasable
934,Envasable
936,Envasable
1353,Envasable
96,Envasable
98,Envasable
99,Envasable
102,Envasable
84,Envasable
85,Envasable
81,Envasable
87,Envasable
937,Envasable
93,Envasable
90,Envasable
91,Envasable
1401,Envasable
82,Envasable
83,Envasable
461,Envasable
103,Envasable
97,Envasable
89,Envasable
229,Envasable
1129,Envasable
1131,Envasable
1132,Envasable
1130,Envasable
1116,Envasable
1118,Envasable
1114,Envasable
1120,Envasable
1119,Envasable
1115,Envasable
1117,Envasable
1121,Envasable
1379,Envasable
1377,Envasable
1378,Envasable
1380,Envasable
749,Envasable
790,Envasable
132,Envasable
1406,Envasable
1407,Envasable
1408,Envasable
1409,Envasable
1410,Envasable
1403,Envasable
1404,Envasable
514,Envasable
507,Envasable
1405,Envasable
446,Envasable
231,Envasable
230,Envasable
232,Envasable
526,Envasable
234,Envasable
235,Envasable
816,Envasable
453,Envasable
447,Envasable
236,Envasable
239,Envasable
237,Envasable
518,Envasable
489,Envasable
826,Comprable
825,Comprable
824,Comprable
827,Comprable
857,Comprable
855,Comprable
854,Comprable
852,Comprable
904,Comprable
851,Comprable
844,Comprable
846,Comprable
853,Comprable
845,Comprable
847,Comprable
848,Comprable
849,Comprable
850,Comprable
858,Comprable
916,Comprable
917,Comprable
1004,Comprable
1001,Comprable
918,Comprable
1008,Comprable
1009,Comprable
1010,Comprable
915,Comprable
1006,Comprable
919,Comprable
920,Comprable
921,Comprable
922,Comprable
1065,Comprable
1066,Comprable
923,Comprable
924,Comprable
1240,Comprable
1007,Comprable
925,Comprable
1002,Comprable
1003,Comprable
1005,Comprable
728,Envasable
309,Envasable
607,Envasable
310,Envasable
312,Envasable
694,Envasable
543,Envasable
517,Envasable
679,Envasable
856,Envasable
638,Envasable
713,Envasable
33,Envasable
196,Envasable
801,Envasable
546,Envasable
914,Envasable
1063,Comprable
1203,Comprable
356,Comprable
780,Comprable
779,Comprable
282,Comprable
277,Comprable
429,Envasable
380,Envasable
488,Envasable
548,Envasable
357,Envasable
336,Envasable
197,Envasable
201,Envasable
576,Envasable
210,Comprable
648,Comprable
955,Comprable
953,Comprable
954,Comprable
1029,Comprable
1360,Comprable
1229,Comprable
1361,Comprable
1362,Comprable
503,Comprable
1153,Comprable
1151,Comprable
1150,Comprable
1152,Comprable
1156,Comprable
1160,Comprable
1157,Comprable
1161,Comprable
1154,Comprable
1158,Comprable
1162,Comprable
1155,Comprable
1159,Comprable
1163,Comprable
1149,Comprable
1148,Comprable
1302,Comprable
1304,Comprable
1306,Comprable
1305,Comprable
1303,Comprable
1328,Comprable
1329,Comprable
1358,Comprable
1359,Comprable
1357,Comprable
1300,Comprable
1301,Comprable
1234,Comprable
1292,Comprable
1235,Comprable
1291,Comprable
1288,Comprable
1290,Comprable
1289,Comprable
1296,Comprable
1294,Comprable
1293,Comprable
1295,Comprable
1061,Comprable
1230,Comprable
1233,Comprable
1231,Comprable
1232,Comprable
1299,Comprable
1298,Comprable
1297,Comprable
208,Envasable
207,Envasable
209,Envasable
1287,Envasable
555,Comprable
556,Comprable
567,Comprable
554,Comprable
752,Comprable
742,Comprable
560,Comprable
559,Comprable
557,Comprable
558,Comprable
1342,Comprable
1343,Comprable
897,Comprable
672,Comprable
896,Comprable
884,Comprable
880,Comprable
889,Comprable
1385,Comprable
885,Comprable
881,Comprable
890,Comprable
886,Comprable
882,Comprable
891,Comprable
1386,Comprable
877,Comprable
878,Comprable
806,Comprable
894,Comprable
898,Comprable
900,Comprable
895,Comprable
892,Comprable
899,Comprable
797,Comprable
879,Comprable
887,Comprable
1384,Comprable
883,Comprable
66,Comprable
888,Comprable
1064,Comprable
401,Envasable
640,Envasable
67,Envasable
391,Envasable
388,Envasable
398,Envasable
508,Envasable
395,Envasable
641,Envasable
642,Envasable
71,Envasable
504,Envasable
893,Envasable
387,Envasable
414,Envasable
396,Envasable
460,Envasable
399,Envasable
397,Envasable
400,Envasable
392,Envasable
393,Envasable
404,Envasable
1245,Envasable
20,Envasable
24,Envasable
21,Envasable
22,Envasable
583,Envasable
353,Envasable
354,Envasable
23,Envasable
1077,Comprable
1082,Comprable
1083,Comprable
1084,Comprable
1078,Comprable
1085,Comprable
1086,Comprable
1087,Comprable
1088,Comprable
1089,Comprable
1103,Comprable
1090,Comprable
1079,Comprable
1080,Comprable
1081,Comprable
278,Comprable
1210,Comprable
1212,Comprable
1249,Comprable
1211,Comprable
1209,Comprable
1248,Comprable
1207,Comprable
1247,Comprable
1208,Comprable
1206,Comprable
1052,Comprable
622,Comprable
374,Envasable
726,Envasable
746,Envasable
793,Envasable
643,Envasable
705,Envasable
270,Comprable
1180,Comprable
963,Envasable
370,Envasable
958,Envasable
959,Envasable
960,Envasable
961,Envasable
962,Envasable
964,Envasable
965,Envasable
966,Envasable
967,Envasable
968,Envasable
969,Envasable
970,Envasable
971,Envasable
972,Envasable
973,Envasable
1352,Envasable
1190,Comprable
1191,Comprable
1192,Comprable
329,Comprable
1122,Comprable
1123,Comprable
1124,Comprable
1125,Comprable
1112,Comprable
1126,Comprable
1127,Comprable
1128,Comprable
1113,Comprable
1033,Comprable
1034,Comprable
1271,Comprable
1246,Comprable
1205,Comprable
1036,Comprable
1269,Comprable
1038,Comprable
1050,Comprable
1280,Comprable
1275,Comprable
1040,Comprable
1274,Comprable
1037,Comprable
1204,Comprable
1281,Comprable
1273,Comprable
1035,Comprable
1283,Comprable
1321,Comprable
1049,Comprable
1270,Comprable
1282,Comprable
1276,Comprable
1279,Comprable
1278,Comprable
1277,Comprable
1039,Comprable
1272,Comprable
379,Comprable
369,Comprable
991,Comprable
327,Comprable
366,Comprable
1146,Comprable
1142,Comprable
1147,Comprable
1145,Comprable
1144,Comprable
1168,Comprable
365,Comprable
1199,Comprable
1171,Comprable
1174,Comprable
1372,Comprable
1198,Comprable
1166,Comprable
1176,Comprable
1170,Comprable
1169,Comprable
1167,Comprable
1197,Comprable
1173,Comprable
1196,Comprable
1172,Comprable
1165,Comprable
1164,Comprable
1195,Comprable
1194,Comprable
1175,Comprable
808,Comprable
1011,Comprable
736,Comprable
874,Comprable
1193,Comprable
647,Comprable
373,Comprable
1225,Comprable
785,Comprable
1226,Comprable
1227,Comprable
1187,Comprable
1184,Comprable
1185,Comprable
1189,Comprable
1188,Comprable
1186,Comprable
1183,Comprable
1182,Comprable
348,Comprable
789,Comprable
1181,Comprable
1348,Comprable
1349,Comprable
1347,Comprable
346,Comprable
761,Comprable
1070,Comprable
1076,Comprable
1075,Comprable
1074,Comprable
1073,Comprable
1071,Comprable
1072,Comprable
279,Comprable
284,Comprable
378,Comprable
762,Comprable
943,Comprable
1100,Comprable
1099,Comprable
313,Comprable
321,Envasable
707,Envasable
371,Envasable
602,Envasable
472,Envasable
318,Envasable
376,Envasable
351,Envasable
784,Envasable
349,Envasable
581,Envasable
701,Envasable
372,Envasable
320,Envasable
383,Envasable
